,Train,Train,Train,Train,Train,Train,Train,Train,Test,Test,Test,Test,Test,Test,Test,Test
,Time,OSH,ADP,ADTemp,AWHP,DCS,AW,OPR,Time,OSH,ADP,ADTemp,AWHP,DCS,AW,OPR
count,2176.0,2176.0,2176.0,2176.0,2176.0,2176.0,2176.0,2176.0,716.0,716.0,716.0,716.0,716.0,716.0,716.0,716.0
mean,1088.5,44.14132522058824,367.2740513561004,154.24363715740571,108.51738015945874,47.982749722265226,1.943014705882353,166.2142536673353,2534.5,68.18455752793297,491.48346842967777,205.17668042543568,117.74416019281976,34.32406060605514,2.8854748603351954,73.13297122100464
std,628.3014138665189,15.530292887833886,129.84754741248508,54.311707375873674,38.9305914354471,36.53505721289761,0.6015053237472477,111.45172125975023,206.83568357515102,11.377167176742702,22.932844716396442,4.928588429453858,37.78141672468025,33.65490599864772,0.4241139485152019,21.40289335753438
min,1.0,3.39328565246433e-11,2.97969374378913,0.474486420835223,0.0,0.0,0.0,0.0,2177.0,0.0,307.47026,103.62465,0.73299,0.44877,0.0,12.0703711326609
25%,544.75,46.500000000000725,243.34528279253124,103.076478470794,77.4790235202609,17.685625143435672,2.0,81.17972794048875,2355.75,72.0,481.1597475398936,205.32516848958332,93.10660814262812,10.637185416666666,3.0,64.0772415418333
50%,1088.5,47.9999999999946,292.3254331469545,106.4627220390225,104.57071074066701,43.901826099286154,2.0,124.6427581756905,2534.5,72.0,486.45400760416663,205.44944354166668,116.73471720966312,30.753649421542555,3.0,71.76464110349579
75%,1632.25,47.99999999999912,497.5595438671735,211.49807022694026,137.282667790811,65.94182471373361,2.0,246.21288654022325,2713.25,72.0,492.7798113020833,206.03993714095745,129.80942052083333,43.229252708333334,3.0,84.67985284743185
max,2176.0,72.7583899999951,623.06560493848,214.625812537845,239.572198989774,237.748642308891,3.0,1285.66390115121,2892.0,75.0,604.953,206.72790729166667,252.814460172424,163.78442520833335,3.0,122.832600484091
