n,added,subset,RMSE,R2
1,Time,['Time'],18.5086,-0.5132
2,DCS,"['Time', 'DCS']",14.3624,0.08882
3,ADP,"['Time', 'DCS', 'ADP']",19.2459,-0.63616
4,AW,"['Time', 'DCS', 'ADP', 'AW']",19.9691,-0.76143
5,OSH,"['Time', 'DCS', 'ADP', 'AW', 'OSH']",24.9536,-1.75052
6,ADTemp,"['Time', 'DCS', 'ADP', 'AW', 'OSH', 'ADTemp']",20.9252,-0.93414
7,AWHT,"['Time', 'DCS', 'ADP', 'AW', 'OSH', 'ADTemp', 'AWHT']",20.0797,-0.781
8,ACS,"['Time', 'DCS', 'ADP', 'AW', 'OSH', 'ADTemp', 'AWHT', 'ACS']",23.8701,-1.51686
9,ADT,"['Time', 'DCS', 'ADP', 'AW', 'OSH', 'ADTemp', 'AWHT', 'ACS', 'ADT']",22.503,-1.23682
10,AWHP,"['Time', 'DCS', 'ADP', 'AW', 'OSH', 'ADTemp', 'AWHT', 'ACS', 'ADT', 'AWHP']",79.38,-26.83377
