model,regime,target,split,seed,RMSE,MAE,R2,RMSE_R2_ok,skill_vs_trainmean,R2_low_variance_warning,L,skill_vs_persistence
TCN,B,OPR_field,test,0,70.6319,57.3423,-3.3832,True,0.2957,True,90,
TCN,B,GPR_field,test,0,9381.7892,7706.0375,-2.844,True,0.3789,True,90,
TCN,B,WPR_field,test,0,130.1624,112.9115,-4.1298,True,-2.4822,True,90,
TCN,B,OPR_field,test,1,73.0293,62.1296,-3.6858,True,0.2471,True,90,
TCN,B,GPR_field,test,1,9500.3001,7706.2828,-2.9417,True,0.3632,True,90,
TCN,B,WPR_field,test,1,155.6235,118.988,-6.3329,True,-3.9777,True,90,
TCN,B,OPR_field,test,2,71.8982,49.7032,-3.5418,True,0.2702,True,90,
TCN,B,GPR_field,test,2,12011.682,8258.0656,-5.3012,True,-0.018,True,90,
TCN,B,WPR_field,test,2,126.5726,102.0657,-3.8507,True,-2.2928,True,90,
TCN,B,OPR_field,test,3,59.8472,46.7098,-2.1469,True,0.4943,True,90,
TCN,B,GPR_field,test,3,9027.3144,7026.7684,-2.559,True,0.425,True,90,
TCN,B,WPR_field,test,3,197.9713,167.1892,-10.8667,True,-7.0554,True,90,
TCN,B,OPR_field,test,4,60.7757,50.0591,-2.2453,True,0.4785,True,90,
TCN,B,GPR_field,test,4,8207.7906,6766.1427,-1.9422,True,0.5247,True,90,
TCN,B,WPR_field,test,4,174.357,146.3477,-8.2046,True,-5.2483,True,90,
TCN,A,OPR_field,test,0,37.0173,31.7518,-0.2039,True,0.8065,True,90,-22.2026
TCN,A,GPR_field,test,0,7593.4579,5814.6234,-1.5182,True,0.5931,True,90,-42.717
TCN,A,WPR_field,test,0,140.4849,122.1558,-4.9757,True,-3.0564,True,90,-50.3268
TCN,A,OPR_field,test,1,50.6262,37.7185,-1.2519,True,0.6382,True,90,-42.3989
TCN,A,GPR_field,test,1,10834.0521,7595.387,-4.1262,True,0.1718,True,90,-87.9925
TCN,A,WPR_field,test,1,110.7156,83.9317,-2.7115,True,-1.5194,True,90,-30.8788
TCN,A,OPR_field,test,2,61.1999,51.5165,-2.2907,True,0.4712,True,90,-62.4204
TCN,A,GPR_field,test,2,8771.6848,7926.7309,-2.3603,True,0.4571,True,90,-57.3361
TCN,A,WPR_field,test,2,103.746,82.0474,-2.2589,True,-1.2122,True,90,-26.9916
TCN,A,OPR_field,test,3,71.5795,55.1434,-3.5016,True,0.2767,True,90,-85.757
TCN,A,GPR_field,test,3,9055.0067,7651.6065,-2.5809,True,0.4215,True,90,-61.1655
TCN,A,WPR_field,test,3,182.8916,126.3832,-9.1278,True,-5.875,True,90,-85.9906
TCN,A,OPR_field,test,4,53.8608,41.1749,-1.5488,True,0.5904,True,90,-48.1217
TCN,A,GPR_field,test,4,5939.8061,4275.9907,-0.5408,True,0.7511,True,90,-25.7495
TCN,A,WPR_field,test,4,100.0776,87.0214,-2.0325,True,-1.0585,True,90,-25.047
GNN,B,OPR_field,test,0,22.738,18.422,0.5457,True,0.927,True,60,
GNN,B,GPR_field,test,0,3171.9524,2493.9551,0.5606,True,0.929,True,60,
GNN,B,WPR_field,test,0,79.1009,71.1295,-0.8945,True,-0.286,True,60,
GNN,B,OPR_field,test,1,28.2794,22.6179,0.2974,True,0.8871,True,60,
GNN,B,GPR_field,test,1,4122.0068,3215.0612,0.258,True,0.8801,True,60,
GNN,B,WPR_field,test,1,66.8383,59.8931,-0.3526,True,0.0818,True,60,
GNN,B,OPR_field,test,2,21.1433,17.3716,0.6072,True,0.9369,True,60,
GNN,B,GPR_field,test,2,3036.3707,2479.1534,0.5974,True,0.9349,True,60,
GNN,B,WPR_field,test,2,82.5416,74.4518,-1.0629,True,-0.4003,True,60,
GNN,B,OPR_field,test,3,21.5086,17.384,0.5935,True,0.9347,True,60,
GNN,B,GPR_field,test,3,2915.4885,2303.9834,0.6288,True,0.94,True,60,
GNN,B,WPR_field,test,3,68.9765,60.7575,-0.4406,True,0.0221,True,60,
GNN,B,OPR_field,test,4,21.7032,18.6545,0.5862,True,0.9335,True,60,
GNN,B,GPR_field,test,4,3037.865,2615.4895,0.597,True,0.9349,True,60,
GNN,B,WPR_field,test,4,81.0396,74.6644,-0.9885,True,-0.3498,True,60,
GNN,A,OPR_field,test,0,18.0979,14.6462,0.7122,True,0.9538,True,60,-4.546
GNN,A,GPR_field,test,0,2462.7759,1978.0296,0.7351,True,0.9572,True,60,-3.5986
GNN,A,WPR_field,test,0,43.4513,33.4184,0.4283,True,0.6119,True,60,-3.9101
GNN,A,OPR_field,test,1,20.3072,16.544,0.6377,True,0.9418,True,60,-5.9827
GNN,A,GPR_field,test,1,2959.3322,2436.9351,0.6175,True,0.9382,True,60,-5.6399
GNN,A,WPR_field,test,1,75.5559,70.3911,-0.7285,True,-0.1733,True,60,-13.8464
GNN,A,OPR_field,test,2,24.9717,21.0128,0.4521,True,0.912,True,60,-9.559
GNN,A,GPR_field,test,2,3127.0532,2593.21,0.5729,True,0.931,True,60,-6.4138
GNN,A,WPR_field,test,2,77.5587,67.8857,-0.8213,True,-0.2364,True,60,-14.6439
GNN,A,OPR_field,test,3,19.4896,16.8451,0.6663,True,0.9464,True,60,-5.4318
GNN,A,GPR_field,test,3,2726.9917,2337.6502,0.6752,True,0.9475,True,60,-4.6382
GNN,A,WPR_field,test,3,53.3534,45.5995,0.1381,True,0.4149,True,60,-6.403
GNN,A,OPR_field,test,4,22.1273,18.8032,0.5698,True,0.9309,True,60,-7.2905
GNN,A,GPR_field,test,4,3279.0422,2753.7235,0.5304,True,0.9241,True,60,-7.152
GNN,A,WPR_field,test,4,77.5756,71.0214,-0.8221,True,-0.2369,True,60,-14.6508
