model,regime,target,L,RMSE_mean,RMSE_std,RMSE_ensemble,RMSE_CI_lo,RMSE_CI_hi,R2_mean,skill_vs_trainmean_mean
TCN,B,OPR_field,90,67.236,5.712,31.313,26.262,36.503,-3.0006,0.3572
TCN,B,GPR_field,90,9625.775,1275.669,4539.656,3478.943,5657.6,-3.1176,0.3348
TCN,B,WPR_field,90,156.937,26.936,80.8,63.673,100.672,-6.6769,-4.2113
TCN,A,OPR_field,90,54.857,11.463,18.49,14.567,22.273,-1.7594,0.5566
TCN,A,GPR_field,90,8438.802,1624.028,3425.679,2858.082,4050.623,-2.2253,0.4789
TCN,A,WPR_field,90,127.583,31.096,60.379,53.065,68.921,-4.2213,-2.5443
GNN,B,OPR_field,60,23.074,2.656,20.591,16.659,25.328,0.526,0.9238
GNN,B,GPR_field,60,3256.737,440.181,2979.161,2275.239,3754.694,0.5284,0.9238
GNN,B,WPR_field,60,75.699,6.49,71.535,63.151,79.923,-0.7478,-0.1864
GNN,A,OPR_field,60,20.999,2.376,17.01,14.477,19.666,0.6076,0.937
GNN,A,GPR_field,60,2911.039,289.563,2400.163,2021.369,2810.311,0.6262,0.9396
GNN,A,WPR_field,60,65.499,14.325,61.868,54.905,69.443,-0.3611,0.076
