DATE,OPR_field,GPR_field,WPR_field
2015-01-26,93.55986,13761.052,217.36597
2015-01-27,83.93423,13917.422,194.45358
2015-01-28,93.36155,14018.432,218.68466
2015-01-29,70.83061,8739.396,237.95435
2015-01-30,69.62074,8404.408,244.91353
2015-01-31,91.05437,13366.388,226.15274
2015-02-01,92.68646,13941.372,209.55444
2015-02-02,92.94657,13586.477,208.10469
2015-02-03,82.79671,13531.333,209.15353
2015-02-04,89.03402,11491.771,200.39568
2015-02-05,95.31242,9797.471,272.0475
2015-02-06,94.97489,13894.308,230.35547
2015-02-07,97.633736,14493.466,242.12485
2015-02-08,99.67485,13448.521,256.6425
2015-02-09,84.14668,11748.037,215.71848
2015-02-10,97.94838,12616.873,194.2526
2015-02-11,100.84059,14483.439,242.12215
2015-02-12,102.48346,15371.753,239.96489
2015-02-13,103.11145,15307.377,224.40994
2015-02-14,104.14656,14975.4,225.79282
2015-02-15,105.29468,15660.612,248.33882
2015-02-16,105.249954,15534.106,246.49846
2015-02-17,102.23197,14862.766,245.1753
2015-02-18,102.76467,15183.828,236.0875
2015-02-19,107.75865,16045.514,248.97913
2015-02-20,108.84613,15711.295,255.45486
2015-02-21,105.68689,15728.966,267.8742
2015-02-22,103.11888,15526.411,270.9946
2015-02-23,97.63398,14974.698,270.64548
2015-02-24,100.80073,15491.69,278.02588
2015-02-25,100.86972,16100.475,295.71677
2015-02-26,96.40107,16020.006,303.80865
2015-02-27,91.72369,15640.943,301.3622
2015-02-28,91.759735,13091.697,218.5503
2015-03-01,92.32768,13050.436,220.04158
2015-03-02,92.641235,12884.791,212.95566
2015-03-03,91.709404,12859.813,214.56645
2015-03-04,93.574776,13053.386,219.22607
2015-03-05,93.15487,12960.186,217.63553
2015-03-06,92.75384,13488.783,207.11983
2015-03-07,93.07435,13560.281,209.4238
2015-03-08,94.695595,13481.5625,211.97324
2015-03-09,95.2344,13606.154,212.65266
2015-03-10,94.99085,13557.997,210.79199
2015-03-11,94.869606,13575.781,208.51987
2015-03-12,96.09661,13604.49,203.23137
2015-03-13,97.17066,13700.503,207.20744
2015-03-14,97.40289,13694.15,203.16794
2015-03-15,95.58508,13119.362,224.0469
2015-03-16,95.95992,13059.253,248.1894
2015-03-17,96.457436,13144.058,250.83047
2015-03-18,86.03478,12133.351,280.542
2015-03-19,91.24564,14024.466,306.06454
2015-03-20,93.61102,14616.456,306.60333
2015-03-21,96.289055,15146.783,306.95343
2015-03-22,71.9054,16587.27,326.07285
2015-03-23,68.31465,17164.76,343.4048
2015-03-24,69.10396,16954.822,344.75308
2015-03-25,66.99959,19821.645,411.3016
2015-03-26,95.28895,16897.66,344.88934
2015-03-27,98.785904,15467.378,283.0294
2015-03-28,81.67114,12626.753,198.39296
2015-03-29,81.308945,12772.078,211.63643
2015-03-30,90.916306,15293.531,291.8891
2015-03-31,96.319374,16378.753,354.96234
2015-04-01,83.83595,13927.87,306.04626
2015-04-02,95.6425,13581.065,247.33951
2015-04-03,91.8715,13136.648,248.38623
2015-04-04,92.08876,12919.443,242.23914
2015-04-05,91.23382,12864.787,244.95976
2015-04-06,92.739716,12175.089,250.32028
2015-04-07,94.22416,13037.189,251.23824
2015-04-08,94.2184,13478.411,251.97685
2015-04-09,93.98666,13475.8545,253.10367
2015-04-10,94.773026,13230.102,258.08588
2015-04-11,94.15836,13117.229,256.43707
2015-04-12,94.41019,13158.195,265.0739
2015-04-13,95.95375,13416.041,273.9865
2015-04-14,96.154655,13547.003,271.6686
2015-04-15,96.17611,13519.25,272.46973
2015-04-16,95.07048,13329.622,265.78824
2015-04-17,95.25833,13414.969,273.69165
2015-04-18,96.98358,13587.13,279.60782
2015-04-19,94.56563,13170.615,268.98352
2015-04-20,78.4089,10586.55,272.12286
2015-04-21,94.84631,14083.966,327.6793
2015-04-22,96.4659,14587.307,324.5152
2015-04-23,95.14901,14602.511,319.57898
2015-04-24,94.625626,14675.956,303.77155
2015-04-25,95.50301,14708.945,306.91293
2015-04-26,98.01814,14810.99,301.0382
2015-04-27,99.17205,15140.75,306.9038
2015-04-28,99.69268,15197.206,311.38605
2015-04-29,100.91306,15929.856,327.13217
2015-04-30,99.04943,16094.974,334.90112
2015-05-01,96.72247,16246.675,345.43115
2015-05-02,91.89317,15892.727,347.85696
2015-05-03,96.969406,16899.062,340.94904
2015-05-04,96.01231,12998.5205,238.27356
2015-05-05,93.72792,12951.553,228.88069
2015-05-06,90.45394,12393.784,231.66618
2015-05-07,89.957825,12402.036,233.15857
2015-05-08,92.54588,12397.68,237.62398
2015-05-09,93.04529,12432.394,236.45377
2015-05-10,91.13324,12582.373,241.90828
2015-05-11,90.8053,12553.01,243.43657
2015-05-12,91.78613,12440.99,250.05132
2015-05-13,92.36151,12495.913,246.98666
2015-05-14,91.699234,12407.734,246.70027
2015-05-15,91.9184,12430.727,247.64706
2015-05-16,93.05772,12574.244,246.17496
2015-05-17,92.930565,12522.189,246.75504
2015-05-18,93.67895,12597.014,246.76627
2015-05-19,93.267136,12557.294,247.57837
2015-05-20,94.36021,12639.322,251.0369
2015-05-21,94.19739,12624.981,250.15508
2015-05-22,93.51082,13516.378,310.7349
2015-05-23,97.32162,14850.3545,327.51767
2015-05-24,94.798195,15372.531,321.50604
2015-05-25,94.009964,14913.076,323.54306
2015-05-26,92.04082,14776.344,315.99106
2015-05-27,84.93396,13590.206,301.7538
2015-05-28,96.06225,12296.537,231.0668
2015-05-29,94.40231,12177.234,234.3199
2015-05-30,97.265,12538.75,230.54463
2015-05-31,98.46412,12806.682,233.17654
2015-06-01,97.06035,13254.1,249.6825
2015-06-02,97.12895,13259.203,249.47769
2015-06-03,93.75575,13326.572,241.9489
2015-06-04,93.99524,13259.615,247.70015
2015-06-05,95.91707,13378.878,254.2384
2015-06-06,94.864296,13184.459,261.30948
2015-06-07,89.4957,12062.249,271.29242
2015-06-08,92.6745,12642.096,258.78827
2015-06-09,94.1911,12900.697,264.29584
2015-06-10,93.886856,12837.808,264.58237
2015-06-11,83.81815,10799.964,283.64218
2015-06-12,94.825584,12891.721,282.42188
2015-06-13,95.38381,13660.859,311.60187
2015-06-14,92.96147,13557.545,316.11414
2015-06-15,93.2391,13804.865,314.99533
2015-06-16,91.71831,13340.365,319.18756
2015-06-17,90.747765,13061.205,309.05142
2015-06-18,91.01086,13078.8,314.61493
2015-06-19,94.43688,13202.503,325.41415
2015-06-20,92.30123,13101.658,325.16266
2015-06-21,93.119675,13158.308,335.0008
2015-06-22,92.05492,13172.037,331.82855
2015-06-23,93.15896,13428.62,332.22867
2015-06-24,94.12376,14068.472,338.92276
2015-06-25,92.3718,13949.128,343.87433
2015-06-26,90.43619,14262.9,348.681
2015-06-27,86.10667,13763.877,349.11066
2015-06-28,78.04811,14298.125,368.701
2015-06-29,79.39104,14658.737,369.2341
2015-06-30,80.17184,15149.539,374.955
2015-07-01,75.457924,13517.55,325.1878
2015-07-02,89.362625,11865.604,246.86763
2015-07-03,88.87337,11418.266,245.15665
2015-07-04,89.335754,11631.49,238.47346
2015-07-05,88.31077,11674.697,242.43303
2015-07-06,90.9271,11603.1,244.5698
2015-07-07,91.99077,11719.56,244.25
2015-07-08,90.51259,11945.507,249.25346
2015-07-09,89.95285,12017.307,249.32576
2015-07-10,91.10331,11825.271,253.56548
2015-07-11,91.65816,11861.8,252.46477
2015-07-12,91.43607,11831.802,250.62227
2015-07-13,90.965576,11859.6455,254.00664
2015-07-14,91.79367,12014.498,254.44888
2015-07-15,92.0381,12054.606,253.00948
2015-07-16,91.96069,12012.388,251.72812
2015-07-17,91.24571,12018.965,249.53459
2015-07-18,90.11399,11939.549,245.2521
2015-07-19,76.24278,9329.067,314.7342
2015-07-20,76.09003,9283.421,314.3747
2015-07-21,74.62538,9307.314,316.60104
2015-07-22,90.609024,14387.198,302.73053
2015-07-23,83.921265,14689.693,324.66168
2015-07-24,93.36204,15539.025,346.04327
2015-07-25,97.21179,14933.185,342.31558
2015-07-26,95.54204,14382.766,334.8842
2015-07-27,92.47439,13704.481,334.07382
2015-07-28,86.12089,13683.361,328.42206
2015-07-29,83.74935,13283.05,321.30804
2015-07-30,87.276634,13855.831,334.97305
2015-07-31,88.92262,13898.33,338.7704
2015-08-01,84.19798,13624.385,339.996
2015-08-02,83.157776,13441.425,347.78192
2015-08-03,77.50011,12594.468,339.16013
2015-08-04,79.807014,12938.376,342.73386
2015-08-05,72.91863,12717.308,345.8051
2015-08-06,74.22622,13073.123,348.61627
2015-08-07,102.922874,11594.67,366.38715
2015-08-08,63.928185,8320.76,274.1671
2015-08-09,61.165802,8301.068,270.67847
2015-08-10,66.59493,8054.2803,282.06223
2015-08-11,66.781166,8167.829,283.92148
2015-08-12,69.544205,8090.9663,293.87885
2015-08-13,69.508965,8110.6704,295.42535
2015-08-14,69.1638,8422.014,293.4764
2015-08-15,140.701,17569.305,112.77556
2015-08-16,100.91167,14391.026,212.5561
2015-08-17,89.36541,12636.5625,240.0604
2015-08-18,88.30443,12574.409,239.05591
2015-08-19,90.120705,12358.081,241.17322
2015-08-20,93.91519,12233.856,252.70906
2015-08-21,94.09658,12514.745,256.0278
2015-08-22,93.49049,12410.467,256.13583
2015-08-23,87.88607,11391.086,245.58467
2015-08-24,90.562225,12910.564,247.31401
2015-08-25,90.942276,12666.033,250.7978
2015-08-26,78.78097,10737.963,212.77231
2015-08-27,39.657234,5843.5884,194.50667
2015-08-28,31.054285,4968.8096,193.28343
2015-08-29,27.339157,4931.846,195.26616
2015-08-30,32.56144,5131.827,206.32564
2015-08-31,59.647114,10002.253,259.79242
2015-09-01,61.005787,9764.319,111.12561
2015-09-02,61.512733,9456.115,88.175964
2015-09-03,61.46598,9005.381,91.84856
2015-09-04,58.599346,9310.76,144.82216
2015-09-05,82.203926,12174.049,261.6874
2015-09-06,84.44322,12728.352,282.29712
2015-09-07,82.85487,12722.584,277.5062
2015-09-08,84.49893,12741.618,276.11334
2015-09-09,85.12154,12889.639,278.497
2015-09-10,87.64791,13263.62,271.46173
2015-09-11,86.76095,13226.42,278.54288
2015-09-12,89.676346,13425.9375,279.26324
2015-09-13,87.478836,13243.731,283.64545
2015-09-14,87.33713,13403.466,290.7665
2015-09-15,86.24046,13637.6875,295.9711
2015-09-16,82.998856,13920.724,301.6914
2015-09-17,82.29286,14138.799,308.46295
2015-09-18,81.72212,14358.388,312.81232
2015-09-19,75.3046,13428.216,302.25192
2015-09-20,58.904198,10854.234,255.45845
2015-09-21,78.08678,10772.634,213.89633
2015-09-22,77.35944,9962.633,242.2614
2015-09-23,77.33896,10535.054,209.76248
2015-09-24,77.56611,10518.97,213.75078
2015-09-25,81.127884,10680.224,215.44685
2015-09-26,81.816696,10778.297,218.92178
2015-09-27,78.46103,11088.443,209.5391
2015-09-28,79.62871,10891.836,228.81929
2015-09-29,80.47778,10709.5,232.08858
2015-09-30,79.89761,10741.663,231.86429
2015-10-01,80.77986,10882.269,234.25137
2015-10-02,82.04449,11157.786,239.59134
2015-10-03,83.080444,11187.671,228.45003
2015-10-04,83.96768,11287.906,224.69034
2015-10-05,83.76608,11314.3955,226.00725
2015-10-06,82.67865,10969.901,230.26465
2015-10-07,87.463806,11254.203,229.61052
2015-10-08,87.260544,11094.823,232.19424
2015-10-09,83.471634,10465.708,221.94351
2015-10-10,82.78255,10487.998,218.88155
2015-10-11,81.80695,10484.372,215.92581
2015-10-12,81.991714,10511.684,214.22969
2015-10-13,83.004974,9962.089,231.81221
2015-10-14,79.93829,10144.748,181.79079
2015-10-15,91.23839,12421.932,287.30963
2015-10-16,89.11204,12098.904,280.37183
2015-10-17,85.94789,11772.97,267.55756
2015-10-18,86.72475,12346.2,256.92352
2015-10-19,88.274956,12654.773,262.19174
2015-10-20,88.77844,12602.47,242.81204
2015-10-21,84.396255,11997.558,246.48409
2015-10-22,89.07369,12291.643,251.76462
2015-10-23,88.88792,12334.146,257.3683
2015-10-24,88.81918,12590.094,261.8957
2015-10-25,87.2357,12406.086,265.04623
2015-10-26,88.34394,13929.464,327.16986
2015-10-27,50.92478,9567.315,232.64102
2015-10-28,51.60846,9709.176,229.53926
2015-10-29,52.25598,17577.516,429.49707
2015-10-30,73.22353,16497.56,313.63272
2015-10-31,24.908096,6416.7856,390.7334
2015-11-01,30.893347,6636.159,395.6688
2015-11-02,10.743205,4434.692,394.8959
2015-11-03,67.32981,7537.6143,304.20572
2015-11-04,77.136856,7843.051,217.06308
2015-11-05,76.6205,8869.047,219.57051
2015-11-06,75.12405,8821.881,209.90706
2015-11-07,73.98308,9260.011,236.17024
2015-11-08,70.48464,6850.7,231.46992
2015-11-09,66.26433,5616.702,240.31067
2015-11-10,72.0413,5552.29,232.50468
2015-11-11,76.19436,5562.015,243.25569
2015-11-12,72.9581,5522.1587,235.69221
2015-11-13,73.34935,5664.122,234.90494
2015-11-14,73.19393,5355.5938,227.77429
2015-11-15,76.45387,5347.966,229.83768
2015-11-16,77.31487,5541.797,225.7533
2015-11-17,76.53723,5408.161,223.23877
2015-11-18,49.596554,9498.238,178.27823
2015-11-19,76.58374,8491.534,213.26225
2015-11-20,71.369606,11037.316,286.78436
2015-11-21,92.22632,12548.631,333.99228
2015-11-22,84.345085,12740.388,280.21567
2015-11-23,67.63307,8964.885,227.54756
2015-11-24,65.50754,9028.5,221.88272
2015-11-25,60.14109,8988.184,227.15022
2015-11-26,59.933678,8113.639,227.37598
2015-11-27,67.313705,7735.8267,253.7037
2015-11-28,69.09293,8455.295,247.9594
2015-11-29,66.63072,8230.176,249.79509
2015-11-30,61.13031,7833.3633,245.59123
2015-12-01,62.882713,6891.841,248.8005
2015-12-02,54.642006,6870.514,244.71927
2015-12-03,58.33065,7213.6123,255.11543
2015-12-04,53.25666,6578.353,247.30586
2015-12-05,56.62919,6471.859,249.66125
2015-12-06,57.075214,6207.91,257.27164
2015-12-07,56.003014,6348.6064,259.66718
2015-12-08,52.35274,6182.8677,260.69086
2015-12-09,78.872955,18330.318,335.75412
2015-12-10,79.81639,10328.442,228.60791
2015-12-11,80.236404,9798.952,219.03215
2015-12-12,74.918396,7523.5205,192.48853
2015-12-13,70.83087,5142.3257,183.213
2015-12-14,76.16079,5478.7856,167.99896
2015-12-15,77.39382,6098.079,179.01904
2015-12-16,77.9174,6599.874,185.16386
2015-12-17,73.64441,5852.2896,199.84578
2015-12-18,69.834496,5825.0205,209.6677
2015-12-19,69.74132,5748.1436,207.40201
2015-12-20,69.934525,5738.255,207.00317
2015-12-21,68.93158,5874.921,212.39363
2015-12-22,71.856155,5911.6377,211.69626
2015-12-23,70.98094,6071.999,212.75034
2015-12-24,70.82549,6299.4463,215.70056
2015-12-25,66.14513,5968.6753,212.5571
2015-12-26,71.84365,6183.6167,215.54883
2015-12-27,70.49381,6350.002,215.95511
2015-12-28,69.985794,6458.6865,216.44504
2015-12-29,70.18996,6484.7256,218.57512
2015-12-30,71.09893,6403.155,220.09152
2015-12-31,72.16594,6294.095,224.08005
2016-01-01,73.12148,6198.176,223.41048
2016-01-02,69.385345,6642.4077,220.93452
2016-01-03,62.24539,7958.263,225.20273
2016-01-04,45.132484,11429.691,181.18788
2016-01-05,75.05475,7229.06,191.33414
2016-01-06,73.42452,8675.654,236.17549
2016-01-07,72.888565,8732.491,239.36304
2016-01-08,68.5706,8436.806,217.21042
2016-01-09,69.51004,7720.5107,214.93103
2016-01-10,66.18113,7941.3657,223.34897
2016-01-11,63.581932,7504.694,229.38028
2016-01-12,67.37217,7279.7686,228.46048
2016-01-13,65.65765,7465.833,263.69507
2016-01-14,65.45644,6654.147,241.67732
2016-01-15,64.29828,6527.2886,243.74875
2016-01-16,59.582203,6173.8306,233.77933
2016-01-17,63.66461,6249.772,238.42691
2016-01-18,61.31193,5999.073,235.29134
2016-01-19,62.70042,6168.354,243.1731
2016-01-20,81.56697,15441.01,311.44757
2016-01-21,66.79481,5850.4316,200.64526
2016-01-22,68.12289,5835.9814,199.2194
2016-01-23,65.42345,5228.488,191.80379
2016-01-24,67.8923,5306.616,194.55952
2016-01-25,74.89137,6711.175,214.20776
2016-01-26,71.493866,6897.875,204.3549
2016-01-27,73.70056,6169.561,214.15059
2016-01-28,67.076385,5955.282,218.23178
2016-01-29,63.391735,5803.8125,239.40027
2016-01-30,62.53086,5972.0103,231.00652
2016-01-31,65.14402,5756.085,224.57578
2016-02-01,64.34303,6080.223,244.84526
2016-02-02,65.946945,6195.6753,243.10718
2016-02-03,67.1887,6107.2085,239.33989
2016-02-04,66.823524,7129.703,253.89351
2016-02-05,62.920876,6120.521,245.72049
2016-02-06,47.596558,8216.193,206.40738
2016-02-07,68.43034,10754.257,312.49902
2016-02-08,79.03466,11797.177,330.8956
2016-02-09,77.42088,11849.264,324.96985
2016-02-10,79.89323,12267.925,327.14508
2016-02-11,78.6168,12309.385,327.94354
2016-02-12,77.06082,12151.897,311.35727
2016-02-13,74.4727,11847.55,316.2165
2016-02-14,79.68092,11734.316,322.0586
2016-02-15,78.99692,11848.242,330.2378
2016-02-16,73.63675,11419.471,324.35315
2016-02-17,73.25877,11443.925,325.83572
2016-02-18,74.363846,11573.026,330.7137
2016-02-19,71.61399,11201.2705,328.25128
2016-02-20,70.1537,10374.383,344.29156
2016-02-21,70.20085,10703.742,342.7247
2016-02-22,71.753555,10924.511,350.7
2016-02-23,71.866135,11094.297,358.65195
2016-02-24,71.68581,11135.756,357.94754
2016-02-25,72.90924,11260.257,362.83487
2016-02-26,59.37725,12433.284,346.39908
2016-02-27,62.30013,5766.7344,253.98807
2016-02-28,41.68272,7960.439,286.41837
2016-02-29,62.915062,5257.8076,244.82248
2016-03-01,58.247925,5534.788,251.26859
2016-03-02,65.218285,5070.179,254.1163
2016-03-03,61.022095,5264.66,252.51518
2016-03-04,63.909607,6013.249,264.22635
2016-03-05,64.31179,5223.8994,252.32324
2016-03-06,59.565697,5348.802,272.15146
2016-03-07,62.075256,5643.2744,264.31512
2016-03-08,59.37329,5421.849,275.9328
2016-03-09,59.29185,5586.803,275.0501
2016-03-10,61.47534,5672.5513,273.02423
2016-03-11,57.817894,5582.3496,274.3459
2016-03-12,56.968376,5697.3,264.79352
2016-03-13,58.77223,5380.6025,274.265
2016-03-14,64.57693,5591.447,272.56247
2016-03-15,59.546154,5226.4365,272.00003
2016-03-16,61.439796,6131.4062,245.04207
2016-03-17,57.74107,8469.95,244.4345
2016-03-18,71.85747,10747.822,321.50156
2016-03-19,73.2482,10841.216,332.1539
2016-03-20,74.799286,11329.348,337.90228
2016-03-21,75.03836,11614.632,330.79828
2016-03-22,73.24431,11672.32,335.89267
2016-03-23,71.45085,11358.888,319.36603
2016-03-24,65.31639,11690.833,290.46707
2016-03-25,67.810936,6781.009,229.17928
2016-03-26,62.330933,6520.282,235.54704
2016-03-27,61.120148,6730.8086,245.63522
2016-03-28,65.41313,6892.9663,262.37595
2016-03-29,63.0119,6542.3,256.37067
2016-03-30,62.00836,6450.1694,261.53867
2016-03-31,58.161743,6091.627,261.04123
2016-04-01,52.521618,5681.3906,257.4495
2016-04-02,47.94224,4695.1504,257.43384
2016-04-03,49.58707,4682.7383,263.76767
2016-04-04,49.90373,4716.221,266.5466
2016-04-05,51.462147,4832.313,273.02844
2016-04-06,62.363625,16356.761,335.53613
2016-04-07,59.69686,4851.9663,220.9146
2016-04-08,62.815125,4424.035,244.09892
2016-04-09,60.40968,4440.2646,230.05078
2016-04-10,61.36455,4809.917,235.15132
2016-04-11,66.662445,4703.7554,236.97437
2016-04-12,65.820786,4496.5884,241.02644
2016-04-13,65.91359,5128.7324,251.24985
2016-04-14,60.66511,4804.3936,250.22041
2016-04-15,58.879395,4693.0024,261.33075
2016-04-16,85.676735,8785.114,350.69736
2016-04-17,23.129402,5964.182,447.118
2016-04-18,63.37018,6265.5303,369.81024
2016-04-19,44.55777,4269.529,271.0146
2016-04-20,57.6144,6814.5303,327.8859
2016-04-21,32.65397,6288.829,448.77716
2016-04-22,21.786638,5557.6694,443.1393
2016-04-23,70.51207,6625.5234,415.53482
2016-04-24,53.1755,6922.661,304.5085
2016-04-25,47.43388,4718.6475,285.89423
2016-04-26,54.80237,4810.5054,271.1384
2016-04-27,54.882607,5590.0493,278.57773
2016-04-28,55.50426,5314.4053,272.50284
2016-04-29,52.588814,5579.382,292.66852
2016-04-30,56.807537,5510.9517,281.7459
2016-05-01,55.34392,5197.7676,260.54205
2016-05-02,55.854675,7634.794,302.83417
2016-05-03,54.13865,7623.6377,291.1002
2016-05-04,49.489895,4728.457,243.23618
2016-05-05,53.711525,4517.185,299.07193
2016-05-06,51.849663,4948.852,292.47186
2016-05-07,53.120827,4485.167,278.2893
2016-05-08,56.65564,4948.427,283.42432
2016-05-09,55.25659,5313.0864,286.8022
2016-05-10,58.21294,5326.279,282.47812
2016-05-11,58.476044,5115.3765,285.96072
2016-05-12,56.910595,5117.9233,285.57233
2016-05-13,56.788216,5285.1143,284.75107
2016-05-14,57.650684,5409.37,288.74628
2016-05-15,53.532127,5249.2153,282.00687
2016-05-16,57.01111,5109.372,288.16013
2016-05-17,56.634315,5031.501,289.50946
2016-05-18,56.953644,5394.257,289.56842
2016-05-19,56.9787,5399.585,289.55246
2016-05-20,54.75901,5247.4414,270.65045
2016-05-21,56.439117,5256.521,284.72098
2016-05-22,56.58382,5116.4233,289.08728
2016-05-23,56.90322,5060.936,290.70132
2016-05-24,56.488426,5149.3354,292.76917
2016-05-25,56.449883,5046.8486,293.84515
2016-05-26,56.457996,4924.31,294.91718
2016-05-27,56.57017,4900.1963,295.23734
2016-05-28,56.602135,4919.2407,295.32855
2016-05-29,57.020367,5141.501,293.10977
2016-05-30,56.988647,4929.0444,293.9253
2016-05-31,56.927723,5008.6533,304.5236
2016-06-01,57.58305,4915.079,305.8275
2016-06-02,57.52363,4958.419,308.49957
2016-06-03,61.386345,5011.9097,297.80328
2016-06-04,55.954895,7766.664,300.1949
2016-06-05,55.475117,7728.1343,299.90482
2016-06-06,55.730003,7823.1797,300.81024
2016-06-07,54.843567,7708.7437,300.70386
2016-06-08,64.42575,8493.807,208.1399
2016-06-09,59.90041,4837.4326,297.37683
2016-06-10,58.97921,4250.284,302.5765
2016-06-11,57.855335,3899.4758,302.78836
2016-06-12,59.75538,3880.4219,294.47525
2016-06-13,60.981457,4715.931,286.7285
2016-06-14,60.485497,4820.6143,278.47116
2016-06-15,59.30288,4688.548,301.27493
2016-06-16,59.356575,4682.8516,301.93802
2016-06-17,57.966656,4759.34,307.6319
2016-06-18,58.052406,5039.2124,306.16904
2016-06-19,58.075157,5033.048,305.58676
2016-06-20,58.282295,5471.5674,301.63217
2016-06-21,57.45442,5022.786,305.98254
2016-06-22,57.441093,5249.007,306.42865
2016-06-23,58.11618,5246.978,300.3771
2016-06-24,58.46272,4856.978,303.11188
2016-06-25,58.102257,4883.408,302.09366
2016-06-26,58.187,4923.4224,302.97577
2016-06-27,57.78359,4970.2197,302.8361
2016-06-28,57.269318,4919.626,306.00333
2016-06-29,57.3225,5103.53,306.43933
2016-06-30,57.162243,4926.475,308.37344
2016-07-01,56.26455,4869.6455,313.91245
2016-07-02,56.466053,4710.776,311.44513
2016-07-03,56.3939,4697.954,310.5855
2016-07-04,56.42113,4671.5767,312.18683
2016-07-05,56.599926,4612.9116,311.0203
2016-07-06,56.001762,4982.802,302.332
2016-07-07,56.2546,7790.846,304.0072
2016-07-08,56.46345,7804.044,304.26407
2016-07-09,53.55201,7116.95,304.49353
2016-07-10,56.106567,7883.2446,306.6568
2016-07-11,53.27558,6736.6377,308.83237
2016-07-12,55.731487,7252.9014,305.21744
2016-07-13,47.699066,6910.0537,286.64737
2016-07-14,27.916363,6205.801,237.1523
2016-07-15,17.424845,4204.8164,215.9332
2016-07-16,28.283154,6031.2407,236.32149
2016-07-17,17.487585,5113.7754,245.72534
2016-07-18,25.184029,5486.397,218.5583
2016-07-19,28.946356,6976.5366,186.25308
2016-07-20,28.181164,7244.633,180.99356
2016-07-21,32.55823,7657.8525,199.01004
2016-07-22,18.967022,5107.1836,181.61148
2016-07-23,29.455181,7455.319,199.85524
2016-07-24,31.947296,7885.711,226.89389
2016-07-25,31.595606,7970.7046,227.01668
2016-07-26,30.60639,7444.5186,226.52335
2016-07-27,26.432135,6729.435,219.51714
2016-07-28,31.371948,7749.1953,226.52219
2016-07-29,27.170242,6849.2764,224.86987
2016-07-30,27.843744,6920.09,220.47891
2016-07-31,29.607891,7616.823,208.82092
2016-08-01,28.88972,7584.6,205.99529
2016-08-02,30.99534,7909.1665,216.98825
2016-08-03,18.698757,5297.1484,205.2662
2016-08-04,27.695883,6893.466,219.55664
2016-08-05,31.717108,7796.0674,219.18307
2016-08-06,31.834743,7805.175,220.23703
2016-08-07,31.257757,7648.539,220.88309
2016-08-08,31.134466,7708.0586,215.40556
2016-08-09,27.392248,7310.0103,216.36633
2016-08-10,30.795902,7716.922,214.51846
2016-08-11,31.036259,7668.897,216.65508
2016-08-12,30.159313,7657.186,212.79749
2016-08-13,30.54017,7719.758,212.49243
2016-08-14,30.761395,7751.3936,212.57014
2016-08-15,31.04429,7707.643,213.53088
2016-08-16,30.746302,7715.293,212.6215
2016-08-17,29.97672,7667.9272,208.30151
2016-08-18,9.74983,4672.068,99.64127
2016-08-19,9.755663,4649.368,98.895
2016-08-20,9.652672,4588.783,99.170746
2016-08-21,9.890513,4601.78,98.64591
2016-08-22,10.443642,4679.7217,96.85487
2016-08-23,10.966669,4688.865,97.145935
2016-08-24,11.653232,4715.3545,97.25877
2016-08-25,11.909172,4733.1567,96.900185
2016-08-26,11.4283495,4672.378,97.25999
2016-08-27,11.065535,4319.435,95.41652
2016-08-28,10.806555,4309.7686,95.44816
2016-08-29,8.456932,4106.0127,90.70134
2016-08-30,-2.7376313,1620.1129,92.2266
2016-08-31,-3.0211098,1620.3789,92.82649
2016-09-01,6.049043,3986.817,91.55464
2016-09-02,7.546054,4184.8223,96.88357
2016-09-03,6.827924,4159.3096,95.79146
2016-09-04,8.498491,4160.4014,94.97062
2016-09-05,6.92661,4209.9897,94.787605
2016-09-06,7.5559373,4223.5186,98.23938
2016-09-07,8.461797,4140.776,95.34386
2016-09-08,8.142108,4120.216,97.43139
2016-09-09,7.9987426,4218.0605,97.87465
2016-09-10,8.111311,4215.3174,97.95998
2016-09-11,8.22552,4195.026,98.54057
2016-09-12,5.206212,3029.8433,98.49079
2016-09-13,-1.14086,1650.1324,90.06294
2016-09-14,5.4922457,2968.387,98.14357
2016-09-15,8.873573,4193.557,98.042046
2016-09-16,9.100128,4165.5435,96.42445
2016-09-17,-2.9126282,2476.003,96.93027
